code,pnl
600252,5.8207660913467407e-11
601668,8942.2000000000044
601800,0.0
000728,33.0
002202,-2.9103830456733704e-11
601669,0.0
601555,0.0
000503,638924.20000000019
601390,-7.2759576141834259e-12
601186,0.0
600109,0.0
